provider_id,type
R0000,clinic
R0001,lab
R0002,hospital
R0003,clinic
R0004,clinic
R0005,lab
R0006,lab
R0007,lab
R0008,clinic
R0009,lab
R0010,lab
R0011,hospital
R0012,hospital
R0013,hospital
R0014,lab
R0015,clinic
R0016,hospital
R0017,clinic
R0018,clinic
R0019,lab
R0020,lab
R0021,lab
R0022,lab
R0023,hospital
R0024,lab
R0025,lab
R0026,hospital
R0027,lab
R0028,hospital
R0029,clinic
R0030,hospital
R0031,hospital
R0032,clinic
R0033,clinic
R0034,lab
R0035,lab
R0036,clinic
R0037,hospital
R0038,lab
R0039,clinic
R0040,hospital
R0041,lab
R0042,clinic
R0043,lab
R0044,clinic
R0045,hospital
R0046,lab
R0047,hospital
R0048,hospital
R0049,hospital
R0000,hospital
R0002,lab
R0003,lab
R0004,hospital
R0005,hospital
R0006,clinic
R0008,lab
R0009,hospital
R0011,lab
R0012,lab
R0014,clinic
R0015,lab
R0016,lab
R0018,hospital
R0020,hospital
R0021,hospital
R0023,clinic
R0024,hospital
R0025,hospital
R0026,clinic
R0027,hospital
R0028,lab
R0031,clinic
R0034,clinic
R0035,hospital
R0041,clinic
R0042,hospital
R0043,hospital
R0044,lab
R0048,lab
R0049,lab
R0001,hospital
R0002,clinic
R0007,clinic
R0010,clinic
R0011,clinic
R0013,lab
R0019,clinic
R0022,clinic
R0024,clinic
R0025,clinic
R0028,clinic
R0029,lab
R0030,lab
R0032,hospital
R0035,clinic
R0036,lab
R0038,clinic
R0039,lab
R0040,clinic
R0043,clinic
R0045,clinic
R0046,hospital
R0048,clinic
R0000,lab
R0004,lab
R0009,clinic
R0010,hospital
R0012,clinic
R0013,clinic
R0015,hospital
R0017,hospital
R0018,lab
R0022,hospital
R0029,hospital
R0032,lab
R0033,hospital
R0037,clinic
R0042,lab
R0046,clinic
R0047,clinic
R0001,clinic
R0007,hospital
R0030,clinic
R0031,lab
R0033,lab
R0034,hospital
R0037,lab
R0038,hospital
R0040,lab
R0041,hospital
R0044,hospital
R0047,lab
R0008,hospital
R0014,hospital
R0020,clinic
R0021,clinic
R0039,hospital
R0045,lab
R0017,lab
R0019,hospital
R0023,lab
R0026,lab
R0027,clinic
R0006,hospital
R0016,clinic
R0036,hospital
R0003,hospital
R0049,clinic
